slug,type,title,city,priceEuros,priceCents,status,area,land,rooms,beds,dpeClass,photoCount,photoUrls
etrepagny-maison-6038,maison,Maison — 85 m² — Etrepagny,Etrepagny,189000,18900000,a_vendre,85,85,7,3,,2,/uploads/fd66c728-d2b3-4f4a-8564-c60942f9b412.jpeg|/uploads/2039225d-e212-4bf9-b115-b9d87ae222cd.jpeg
etrepagny-maison-6034,maison,Maison — 169 m² — Etrepagny,Etrepagny,189000,18900000,a_vendre,169,145,9,4,,13,/uploads/fbe3424f-7a32-4229-a2f4-c8158b180959.jpeg|/uploads/d4252e76-c037-4859-806b-b6ac706930f6.jpeg|/uploads/c15e69b2-5611-4d94-a63c-0d92f2d6bcfb.jpeg|/uploads/83fcd042-62ad-467d-96d6-224cf12a9b1b.jpeg|/uploads/5bd7e5bc-74bf-47d0-8816-f19fff83bf1c.jpeg|/uploads/546b7eeb-32ea-4060-9061-03cece2cad98.jpeg|/uploads/cc4b4611-4276-4860-b37e-be699fcfd019.jpeg|/uploads/94752990-8016-48d3-aaf6-5e648e67535f.jpeg|/uploads/fc48d900-9805-4be3-99d8-51a5e6974638.jpeg|/uploads/6f88e9b7-b922-45b0-8e03-537f5095c483.jpeg|/uploads/b736ace1-9851-4069-9dee-cf1aa9fb04db.jpeg|/uploads/eafe48d3-2df6-4960-b347-7f841d1a6b8d.jpeg|/uploads/97d16edc-6723-4b59-9377-6ea7e89379a4.jpeg
gisors-maison-6022,maison,Maison — 113 m² — Gisors,Gisors,153500,15350000,a_vendre,113,1192,7,6,,19,/uploads/ad520c38-be6b-4344-9fff-8fdf2d4ef422.jpg|/uploads/b05d44e4-bf9e-47a0-b750-6dcda36c341b.jpg|/uploads/b902f504-a1d3-4574-90e0-61df38b68353.jpg|/uploads/58eaefd2-01fc-4822-b26d-e3f47e1dfd14.jpg|/uploads/c73f6cbf-97a3-49dd-ab43-03d5921691c5.jpg|/uploads/86e40779-73f5-46ed-934f-f8db9f0d527c.jpg|/uploads/df8c12c2-d6ef-4e9b-a5f0-2a049073b19d.jpg|/uploads/733bf9bf-6c29-4adc-b048-4ca90b09e02f.jpg|/uploads/2fea8c7c-119d-4ccf-8f65-245a3967e206.jpg|/uploads/c7601c28-2959-4cb6-bcd7-4d7a3afb6530.jpg|/uploads/70b87353-93d8-4b06-b6ef-dcc986bd863b.jpg|/uploads/84d8dd24-2135-49b6-8aa2-698269efe5a4.jpg|/uploads/67437289-6930-46f9-b948-61d6d8606b13.jpg|/uploads/901808b3-14d7-480b-882d-bcd3b9ac633b.jpg|/uploads/459a25de-194d-407a-ada8-a32e748121ec.jpg|/uploads/383704eb-c811-4009-9632-882911e93414.jpg|/uploads/621e5b15-8472-43a8-90f4-c461a37ad118.jpg|/uploads/de8040ec-e1fc-44eb-b06e-0f8b360c19e8.jpg|/uploads/cfa88023-751e-444b-8ea0-587e69793330.jpg
gisors-appartement-6024,appartement,Appartement — 48 m² — Gisors,Gisors,154000,15400000,a_vendre,48,49,2,1,,12,/uploads/002f64dd-a0af-47b4-9a85-221c4cb46237.jpeg|/uploads/c40f0f57-875f-4340-8f13-4b8c69c9a9ec.jpeg|/uploads/6cc88e0e-c2e6-4759-876f-9eb6cec5db28.jpeg|/uploads/66237b05-abd6-44f4-95ac-aa9d5677a33d.jpeg|/uploads/ff1938f6-28d7-4464-8fc0-3ce65a711586.jpeg|/uploads/623b76f4-615a-43ae-9047-af3e4145034f.jpeg|/uploads/bfe9592f-4eba-4100-b3ea-b51989bc8fca.jpeg|/uploads/7d46e5c9-18f5-4caa-a6d5-7883c5d59033.jpeg|/uploads/19c5f5db-ac96-4f95-bd49-e54f1dc474fc.jpg|/uploads/a07a821e-23d7-4463-bad4-4fd41a704f97.jpeg|/uploads/3cd81967-cbeb-4d1e-8405-423c8c610ffb.jpg|/uploads/7100e162-5448-4e4e-84db-d45ae057f21d.jpeg
gisors-appartement-5744,appartement,Appartement — 106 m² — Gisors,Gisors,158000,15800000,a_vendre,106,0,4,2,,9,/uploads/aa20b6ef-0e91-4cee-8dc5-41bfd9fb788b.jpg|/uploads/aadcb38e-0b58-4ba4-8920-82472d8fe0f0.jpg|/uploads/72209e8b-ee7f-448e-96e1-358b13182dbb.jpg|/uploads/8e53eccd-65c7-49bf-8740-13a7df24fdb5.jpg|/uploads/53c3fa2d-52fe-4596-b9c4-31576f12bf00.jpg|/uploads/b3ae6b4d-5844-4e9c-912f-12152d70ac53.jpg|/uploads/62d865b3-998a-4a5f-9754-48af024cdefe.jpg|/uploads/790df3f7-57a1-4298-ac8b-34467b6c89ad.jpg|/uploads/ee07e003-4533-471f-a396-bf7c146c5eb8.jpg
gisors-maison-5998,maison,Maison — 91 m² — Gisors,Gisors,159000,15900000,a_vendre,91,606,4,2,,14,/uploads/658620ca-6e2c-476e-bff8-4c7721558985.jpg|/uploads/7d03e4bc-203e-4722-9549-1f7e17710c46.jpg|/uploads/67f9246c-ffce-4585-969c-05ec55951774.jpg|/uploads/e2c8cc56-641a-41a5-89bb-2c1aa98266f7.jpg|/uploads/600429f1-27be-42b1-8ec6-fde24a9a3801.jpg|/uploads/a8760794-4fb9-48e2-bd0e-43b0ad61a683.jpg|/uploads/63f0078f-fe55-4538-8d8d-f8aa19bbc554.jpg|/uploads/f7895c8f-b3e1-4135-aaa1-7d492c258129.jpg|/uploads/e7fae150-3e9f-4a0b-9999-9907bcdfa295.jpg|/uploads/7c9d6fa2-9d82-474f-a813-b413d3716eb9.jpg|/uploads/daec7d0f-fc99-4059-b668-4f143caa9a3e.jpg|/uploads/890d812b-4c5a-4fae-ac49-bec713ae0f4c.jpg|/uploads/46af087d-7263-4f71-aeda-a8e1f45ea31a.jpg|/uploads/20ccd629-0843-4c7c-b82c-ecc541a25545.jpg
gisors-maison-6019,maison,Maison — 47 m² — Gisors,Gisors,172000,17200000,a_vendre,47,103,3,2,,10,/uploads/3de0d902-1d49-4a82-8855-dddec4206cb6.jpeg|/uploads/1da5db54-4e3f-4b74-a4f5-78a3ef6f938c.jpg|/uploads/0927fd66-c01f-4592-a3cc-e3f7955ef853.jpg|/uploads/4ac63868-9b72-42f6-91c6-aa2820daa115.jpg|/uploads/014d6652-fcc9-4375-9506-0c0b2315aaef.jpg|/uploads/5375a2b6-439a-4b6a-89b1-3c9cc137b13c.jpg|/uploads/6451b1bd-b5ae-4a9c-a6f9-802c0392358f.jpg|/uploads/9f0b72a2-38f3-472c-91b4-de7941047e1c.jpeg|/uploads/a87e4ce3-545c-48c6-a8b1-ce3104031c99.jpeg|/uploads/1359e808-9fa7-4ee5-af0d-b19c3a979401.jpg
gisors-maison-5942,maison,Maison — 165 m² — Gisors,Gisors,179000,17900000,a_vendre,165,0,4,0,,6,/uploads/1955569c-f4db-41e1-92ef-85fe1eb86411.jpg|/uploads/004f6122-eb40-4a8d-92e7-0e4afe299576.jpg|/uploads/15c6f055-401d-49b5-8246-7f64d5546b95.jpg|/uploads/89a492d8-a3da-40be-bc50-640e5f37616e.jpg|/uploads/60f176ae-80a1-4542-9bc3-af07ff6236aa.jpg|/uploads/829f6563-0f02-4435-9235-f21352ced448.jpg
gisors-maison-6015,maison,Maison — 101 m² — Gisors,Gisors,179000,17900000,a_vendre,101,1758,6,4,,14,/uploads/adaf2844-e493-42f9-bcb9-0a3fe72a3ba5.jpeg|/uploads/d426505f-6f37-46a7-b7e4-c36e9f0d920c.jpeg|/uploads/a09257cf-e8d6-4275-9ff0-09ade2b0560c.jpg|/uploads/a6cc0ef6-e53c-46d1-927c-e3cd1d56151b.jpg|/uploads/3fde61af-4896-4b45-800f-efaf488feaae.jpeg|/uploads/32a34480-2944-423e-bc79-00c1fb364455.jpeg|/uploads/dd88e642-c5e0-41f4-961e-351d2d8a0ae4.jpeg|/uploads/af11523e-1f6d-49bb-8574-3caa04bb4d5c.jpg|/uploads/32960e80-2119-4e5e-b54a-8e422abdaebe.jpg|/uploads/8e049f96-4455-49ac-aa68-3712cbdd36f7.jpg|/uploads/adcfb4c7-7992-4a64-ae3c-ac707c4f19c0.jpg|/uploads/25d0b950-d0c1-4fe0-b9f8-49ecbbc67982.jpg|/uploads/b117e937-0ebf-44b0-a407-56526a764f9c.jpeg|/uploads/9d4e74f4-f3ba-4c18-8193-186ac42e091b.jpg
gisors-maison-6049,maison,Maison — 80 m² — Gisors,Gisors,189000,18900000,a_vendre,80,251,2,1,,11,/uploads/e0309509-4104-4ef8-9f4c-44972ad52c89.jpeg|/uploads/5b978327-1f2c-4695-a7c3-408de2b0cd90.jpeg|/uploads/c97dfac2-122c-4b39-99c6-a1023a8adf9f.jpeg|/uploads/a0b3979a-3c18-4738-bf8d-b7c8a895d9a4.jpeg|/uploads/0fe8fe70-b0c4-4e99-bd30-e3156fb13e0c.jpeg|/uploads/34cfedf6-3a07-4d7e-ba3f-c567c857de09.jpeg|/uploads/84aec91e-61de-4c23-b83d-e4bc5cb57e85.jpeg|/uploads/17362392-46ae-4fd2-82f4-4cab68a25f05.jpeg|/uploads/704b9cd0-cf8e-4534-aacb-6979a93368bf.jpeg|/uploads/96625d7d-e982-4cbc-a0a7-8053ebdf8147.jpeg|/uploads/09b57fcd-9ac0-4ddc-84c9-822f5128d4e4.jpeg
gisors-maison-5971,maison,Maison — 125 m² — Gisors,Gisors,189500,18950000,a_vendre,125,1500,6,3,,13,/uploads/06065842-366d-4180-9559-a10d67b9d60e.jpeg|/uploads/53eea71f-de01-4bb9-ad58-f6c6c5bdbcd0.jpg|/uploads/c8df1652-a695-425a-852d-720f5e124a1e.jpg|/uploads/f0c5f46c-5969-4d1d-939b-7d9447b76e06.jpg|/uploads/d1b64171-c7c7-4d1d-a36c-40ba534bb0c2.jpg|/uploads/d2f716c0-94f6-4198-b541-eb180ac2b237.jpg|/uploads/8ef8d949-d97c-4f8a-95cb-c983f9bf7da6.jpg|/uploads/47373ce9-87fb-4c11-9bed-2262ffe9afdf.jpg|/uploads/163473a4-7b7f-42b8-8af4-99a91116926d.jpg|/uploads/bbd2bd7d-b70a-4c8e-93e6-1b8052d7884a.jpg|/uploads/f2a77bb3-36c9-4e2f-8625-7f6b3360b837.jpg|/uploads/105ffce4-4487-4e46-8b35-9ddbb5d0d130.jpg|/uploads/2a50e380-f7ac-46e8-9320-e9fc0d9052f1.jpg
gisors-maison-6044,maison,Maison — 93 m² — Gisors,Gisors,195000,19500000,a_vendre,93,1022,6,3,,8,/uploads/2b4bdbf7-2dcb-47a0-8a4e-adc3670d5d3f.jpg|/uploads/db2256b8-5859-4607-99d2-f816ab791d68.jpg|/uploads/60f18427-f1e3-4a36-943e-8f34ffce86ca.jpg|/uploads/f9fb75ea-d3a6-4539-b853-ea8b819eeb03.jpg|/uploads/67ab0072-8ab2-4950-b638-a593620de2b8.jpg|/uploads/38cab926-77b8-49ce-8bad-ab68edbdd8dd.jpg|/uploads/af79dee6-6260-448f-90f7-f3bcdab0e04d.jpg|/uploads/ac06d2eb-8ff0-4374-b4e1-80c45cd08060.jpg
gisors-maison-6070,maison,Maison — 89 m² — Gisors,Gisors,195000,19500000,a_vendre,89,1133,5,3,,9,/uploads/f76b4245-ddff-4afc-9d77-e9e6be6a7242.jpeg|/uploads/35036d94-de66-4841-9610-31bbddcc4f52.jpeg|/uploads/1e439dd9-4ae9-4bf9-a0da-8f22fab6d4ef.jpg|/uploads/0e068320-82dd-44b5-b096-a32e0d52ce21.jpg|/uploads/e5dce9c8-df3e-47da-b128-c3a6b894c850.jpg|/uploads/8c570313-4c83-47e6-8133-b1b71f63e301.jpg|/uploads/389d2bc5-b6e0-4d9d-86ed-33fdcabe3677.jpg|/uploads/104a4670-f4b6-4712-9fc6-d02ef3230114.jpg|/uploads/8b5f12f9-443e-47ea-9e2d-291bd9172381.jpg
gisors-maison-5986,maison,Maison — 67 m² — Gisors,Gisors,199500,19950000,a_vendre,67,489,4,2,,12,/uploads/df5438d3-a899-4457-92a4-28270d88e563.jpg|/uploads/ea1c4b34-a737-4906-a753-37157813a182.jpg|/uploads/f7bfbc76-85c4-4370-8bda-0effd2b92205.jpg|/uploads/2564ea1c-a304-4415-816f-faed721e6d29.jpg|/uploads/af02ea74-d95c-4650-8aef-146096177eea.jpg|/uploads/17f0bb48-3fcf-43ff-a181-fcbbd94eb4c8.jpg|/uploads/1c965ded-8a57-475b-8222-1d3a5547e454.jpg|/uploads/0d3c325f-87dd-4721-b9e6-0ec5258a279e.jpg|/uploads/add9361a-f3f1-4dff-96ea-fb2be5bc4b3c.jpg|/uploads/d6a02aab-f30c-42f7-aa92-25bf0966a3d7.jpg|/uploads/109c88c0-138d-47ef-8d0d-944a1d646608.jpg|/uploads/58b31cd3-eacf-4db9-9e51-fb4c41c53506.jpg
gisors-maison-5827,maison,Maison — 71 m² — Gisors,Gisors,210000,21000000,a_vendre,71,10226,4,2,,10,/uploads/35f0647b-5259-441a-90ce-1ff4cb38c9de.jpg|/uploads/bce72eab-936e-4518-a7e3-6773ab961d3f.jpg|/uploads/af760736-761e-4664-965a-d82c4b65e508.jpg|/uploads/5d6d6c42-a5b3-4f6c-9266-cc12a06e6c5e.jpg|/uploads/415aa5e9-e7b2-4618-9375-943bcf99234e.jpg|/uploads/ae7d41d8-1b62-466a-8c84-f37298c0d7f4.jpg|/uploads/a6d056c1-78a2-43e9-a1e9-39ca7c4ac211.jpg|/uploads/2f41db35-0983-414c-8a3b-ef80e2c722c9.jpg|/uploads/608c0e84-3c32-45db-aa1b-5848667463f5.jpg|/uploads/eabd25c9-ec18-4e5a-b547-d8fbabb56f4a.jpg
gisors-maison-6064,maison,Maison — 113 m² — Gisors,Gisors,215000,21500000,a_vendre,113,1819,5,3,,16,/uploads/b585af07-3808-4af5-8112-f64a423ad60f.jpg|/uploads/9075dea2-b926-4ad0-97aa-34caaae1a498.jpeg|/uploads/6cb52d6d-aa9b-42c6-8bf8-9f64259d552a.jpeg|/uploads/0efa0906-7146-4940-913c-5e31ff5daae7.jpg|/uploads/08399663-a65b-4304-9127-376e0118a6c3.jpeg|/uploads/80c060dc-1237-4634-9024-97fcab73a95c.jpeg|/uploads/0847e166-f3c0-44ac-ab96-6f2ecf482989.jpeg|/uploads/5139730a-83d1-4809-87c9-d94a115573c4.jpg|/uploads/c7142ec5-2406-4c35-b2b1-5870c4f7e5de.jpeg|/uploads/b50ec81f-fba0-4027-802e-f0f8592f03f9.jpg|/uploads/ed5c21bb-4023-42ca-afaf-a1018fb1abc2.jpg|/uploads/06833a4c-5de6-49bf-b487-29e8b8e9543f.jpg|/uploads/f5aaa299-b892-40c2-a7ce-f15afdf978b8.jpg|/uploads/35cab467-ebad-4624-8f65-0a37664fd973.jpg|/uploads/bc92ea66-718f-4ead-93ea-4450f7ba504a.jpg|/uploads/4f24cc39-e3b1-490c-adee-10ae011e5f35.jpg
gisors-maison-5847,maison,Maison — 98 m² — Gisors,Gisors,219000,21900000,a_vendre,98,965,5,3,,13,/uploads/e8cc8373-69f4-4f00-b177-780fc4ffd6b0.jpg|/uploads/8bd08749-4b27-4eb1-922c-72046ab9e049.jpg|/uploads/03933568-f785-4cd5-9f14-8ee1a2f817b2.jpg|/uploads/13b7a0ff-514e-46e0-a78b-365687aabfaf.jpg|/uploads/f621a368-ddf2-4ae7-9a4b-b2dc30989574.jpg|/uploads/063abf2f-1b63-4cac-8f4e-10c7f6014738.jpg|/uploads/e064a14f-6c30-4fd5-bf0c-08e443683cd5.jpg|/uploads/69fd45a5-0327-41eb-ac01-b4057479333f.jpg|/uploads/992c02a3-23f1-48a0-9981-ba59a760e2d7.jpg|/uploads/cbf4044e-572c-464f-9675-1592869e5031.jpg|/uploads/0587edd7-1e3c-4139-9226-cb8ae1c6d2e1.jpg|/uploads/293ab44b-04a4-4942-944f-58d076888069.jpg|/uploads/f8f67491-1682-45d1-9dbd-ed37880bbff8.jpg
gisors-maison-5983,maison,Maison — 106 m² — Gisors,Gisors,221000,22100000,a_vendre,106,776,6,4,,13,/uploads/283eb27e-6b4d-45f5-babb-e111b48fa89f.jpg|/uploads/d62f0d01-9017-4034-a204-abb82f437913.jpg|/uploads/4c484cdc-4ec6-4697-b2a4-c7d725708eb7.jpg|/uploads/cee97e8b-dcf9-4f6b-9a24-692b7768d5a9.jpg|/uploads/332eef75-cae6-44bd-b3b1-97a9f5033e8c.jpg|/uploads/b8811e70-f1d1-4890-a5d4-b55a563f08df.jpg|/uploads/ad92d02f-3d90-4508-b292-dd45b806bebf.jpg|/uploads/3dc7988f-b5d0-4f62-8ade-d0855fdc669d.jpg|/uploads/25e08386-1d4d-4538-9cee-fc925438f124.jpg|/uploads/6aae15b6-c104-4742-835b-df9ac0ef0634.jpg|/uploads/d491605f-5a69-49dd-8f2f-a87667ca1bde.jpg|/uploads/aa356223-343c-45c5-b519-ba16ce3755f9.jpg|/uploads/fecf309d-5792-488a-a111-ba38be710550.jpg
gisors-maison-5976,maison,Maison — 84 m² — Gisors,Gisors,225000,22500000,a_vendre,84,1005,5,4,,10,/uploads/d82c0f59-6a22-433b-8139-a7f4ad510e37.jpg|/uploads/6d951caa-e4e4-40a2-91bc-2449b80fba5b.jpg|/uploads/bd2c19d3-0250-4922-94e8-000bae5ed50c.jpg|/uploads/a29ef319-21e2-41ab-b4ce-4e9b28196158.jpg|/uploads/6ebeee48-16a4-49c0-81ae-b95774a3363c.jpg|/uploads/6edab42b-6e2a-466e-b8c6-eefe5cd3fafb.jpg|/uploads/2ba29c1c-c64b-4cd8-8eb2-adf40a6ea550.jpg|/uploads/1b060103-7e16-43b8-ae0b-9f90852b00eb.jpg|/uploads/2659d32f-fd48-4ba1-833e-1620f7da57ff.jpg|/uploads/d66ecc00-3c4e-4299-8952-8258973151e0.jpg
gisors-maison-6025,maison,Maison — 112 m² — Gisors,Gisors,235000,23500000,a_vendre,112,488,5,3,,15,/uploads/967c2fc0-8fc3-47e4-9668-1963d394a01b.jpeg|/uploads/694ea4b3-1c69-40ce-ac24-7cc80528b3ea.jpeg|/uploads/a0e5a2e6-507f-453e-a8f7-025a2f160890.jpeg|/uploads/2f6aca7d-78e3-4491-a2bc-84acf01d1734.jpeg|/uploads/161b82e7-8461-4b22-8bcf-c3e45043774d.jpeg|/uploads/f2e7cd13-0716-4b9d-869b-5af7bf7563a4.jpeg|/uploads/f75b6d18-1d27-4ddd-8eef-28ac9b77a444.jpeg|/uploads/b37282d9-1bbd-4c17-94df-2379a5d4dc90.jpeg|/uploads/375be9e7-4c10-43b3-a794-5a4587171d3e.jpeg|/uploads/73beca6e-d2ef-492e-bdd5-149e1a3974e9.jpeg|/uploads/f7152b28-bed3-4e32-b97e-76917f8c3cf9.jpeg|/uploads/0c55058c-bf93-4c96-86a2-8f4ac7bd1892.jpg|/uploads/8c16dce4-0e1c-4be2-b392-8f4865b99c99.jpeg|/uploads/de0089e8-dac2-4446-a60a-5cb909b26e86.jpeg|/uploads/ebb9f3da-d1f7-4a3f-9b7c-14477e6348a6.jpeg
gisors-maison-6045,maison,Maison — 161 m² — Gisors,Gisors,235000,23500000,a_vendre,161,1147,7,4,,20,/uploads/7e6262d1-4b14-410b-a94e-973ea9bc8d63.jpg|/uploads/9711e26a-9a88-4e3f-959f-0f8e46f0c9e8.jpg|/uploads/f9dad447-10cb-49a4-80ee-9c4f9a6e99cb.jpg|/uploads/00280db5-c5b5-4235-a7b6-95e9e9cb90eb.jpg|/uploads/6147b556-45bc-4d4e-be12-d145738614c2.jpg|/uploads/160463b7-3b92-4164-8f2d-46e180e8b47a.jpg|/uploads/7f17c9e3-f2af-48f8-a1ab-9fe9d15d6115.jpg|/uploads/74f5bd2f-2517-42e5-a5ef-641a3e4bba4b.jpg|/uploads/0dcd658f-171b-411e-b20e-670864440ffa.jpg|/uploads/14cd1c72-1e35-4164-93ec-c54162ae3e38.jpg|/uploads/1757861d-20d8-4b4e-9edc-290c4f72c7c6.jpg|/uploads/eaaa03e0-b0dd-49a0-b42c-d6a0e01e15e6.jpg|/uploads/b7c4b100-b43c-4d3f-93ee-feb035cf0541.jpg|/uploads/4c5f7ce8-4007-4172-aabe-3fcaa7227d15.jpg|/uploads/cf82644c-f7b1-4aed-9ef7-d230769f4e02.jpg|/uploads/2268ff1b-fb67-4e0f-86e9-0a633fceefd8.jpg|/uploads/9425fdb2-0225-40cc-a279-df6683688692.jpg|/uploads/a48e409e-cd14-4327-98e9-db7c0433ba68.jpg|/uploads/ffb7348d-871d-4f82-b937-1513991b94f2.jpg|/uploads/97ba2296-7b80-4be2-b582-7503074843da.jpg
gisors-maison-6051,maison,Maison — 100 m² — Gisors,Gisors,241000,24100000,a_vendre,100,661,6,3,,10,/uploads/6210f4a5-31d5-4803-a382-b8abfb90eb04.jpg|/uploads/03ba8999-9d04-40a3-8510-0a1131ae4efb.jpg|/uploads/18209b8b-6574-45ad-b004-e1553764491b.jpg|/uploads/f06fdbd3-7d01-4872-ae0b-baf724b6dcd3.jpg|/uploads/8d063f18-ab0e-4d50-81e7-439cbd975904.jpg|/uploads/63a63924-3190-488d-a71a-9b1216cc9ad7.jpg|/uploads/eb13658c-15d2-4a7c-946d-76fb45c4026a.jpg|/uploads/21d9bb5d-5e2e-4024-b33f-c7585d92e72c.jpg|/uploads/260692e7-4805-41dd-8250-1a1853ed2665.jpg|/uploads/94bbfde6-8f35-4960-a7f0-4c8fcf309631.jpeg
gisors-appartement-5241,appartement,Appartement — 91 m² — Gisors,Gisors,241000,24100000,a_vendre,91,0,6,4,,12,/uploads/75755ef5-16a2-4215-bbeb-1a62352a06cc.jpg|/uploads/1876d18a-3f7d-4999-91c0-8cfe9c78d5a1.jpg|/uploads/a6e448bb-bc81-4144-90b0-7b53fea1901a.jpg|/uploads/c4fa4fac-5d20-4317-b904-73656b79a884.jpg|/uploads/50a0e0bf-894e-4628-a6c4-f77a5b455e63.jpg|/uploads/25555d57-02bb-4abf-9ff1-f9ac9a95e3ce.jpg|/uploads/784db84f-eb51-4eb5-a40e-240f1a62bdf7.jpg|/uploads/e424b6b2-62af-468d-b33e-7ba8c23fd8b6.jpg|/uploads/ca9aad18-4068-4323-9633-8609dd3e23e9.jpg|/uploads/6d9d47d8-f332-4cd5-8458-cc692e667522.jpg|/uploads/2ebe3741-2c1c-42e1-93a9-07ec7b3ea17c.jpg|/uploads/289b2678-7ea8-4dee-bd6f-adac035345bb.jpg
gisors-appartement-5810,appartement,Appartement — 185 m² — Gisors,Gisors,249000,24900000,a_vendre,185,0,5,2,,9,/uploads/9921eed8-664f-444c-9884-d2830f2f7092.jpg|/uploads/6ed9f737-2bd4-49f5-bcac-90d67272135d.jpg|/uploads/49891449-cb5b-4a64-a273-51ebc284ecc7.jpg|/uploads/cc5a8fe6-9495-45f9-bce9-2a0ca1c6d0e0.jpeg|/uploads/b152279d-73e6-4519-9597-fcf6b7b27d0a.jpg|/uploads/336ba0ab-2904-4ad3-a2c8-c3d2f515787d.jpeg|/uploads/7a1b78b8-b7f2-48ca-b5c1-089be09e7d2c.jpeg|/uploads/c5026a95-3c60-4bb8-af58-33917b25da42.jpeg|/uploads/4eccec8d-cf5e-4192-9671-52f53aba3887.jpeg
gisors-maison-6065,maison,Maison — 100 m² — Gisors,Gisors,251000,25100000,a_vendre,100,461,5,3,,20,/uploads/9e234b55-e7bc-4d5f-9c5a-d5ad1cab4727.jpeg|/uploads/5ca32d9f-63c2-4665-b9db-af2497454bbb.jpeg|/uploads/1d5ce55a-7024-40bd-8f7b-3c978d5f64e0.jpeg|/uploads/4aa17405-b25b-4b97-af2c-92e54d173b10.jpeg|/uploads/b6f9bb03-848f-4b59-a313-496bb873a187.jpeg|/uploads/a53e0516-f311-4727-be8d-b2d3b5433b1f.jpeg|/uploads/9c3b1b3e-8219-4eb6-bf5a-cb0bc909e79e.jpeg|/uploads/1730f572-bc8e-4263-a1ba-2c4fe11370b4.jpeg|/uploads/24cec5ea-b693-46b8-990a-d65c41eb6892.jpeg|/uploads/93d10d7a-ac47-4a68-b77f-4dd44174971b.jpeg|/uploads/1145ae98-8126-4190-8683-9b6d83e5eb78.jpeg|/uploads/d3469c6c-909f-418b-9f1a-ee6d948861e7.jpeg|/uploads/73b8b178-2294-4542-bb8d-73e6fbf000d5.jpeg|/uploads/cdc2a6bc-8a2e-4312-9237-560489c251f6.jpeg|/uploads/5c9d5312-4ae1-4bf5-b31b-4f1f71498c49.jpeg|/uploads/02d935ba-5ee2-46b9-bdaf-774fab5cb6d8.jpeg|/uploads/8357bc17-5139-4586-8fa8-290581ee8748.jpeg|/uploads/149b29ab-20be-4cf2-904f-26f1aec889ef.jpeg|/uploads/8d515b69-ff37-4444-acc7-0a00c79b89e5.jpeg|/uploads/51abc771-eace-44eb-8ada-e0d860d9fee1.jpeg
gisors-maison-5887,maison,Maison — 91 m² — Gisors,Gisors,262000,26200000,a_vendre,91,838,5,3,,8,/uploads/6bcc9155-bb1c-42c4-b2a4-e6cb419ad1b5.jpg|/uploads/dd7b4bee-40f2-4185-918a-e56919e2e73d.jpeg|/uploads/654d0e31-9227-4e2f-938b-2a8250364468.jpeg|/uploads/c4737a81-26a7-454d-8364-5d525701528d.jpeg|/uploads/e9f74aca-11a9-4f8c-a1ce-3978e0048536.jpeg|/uploads/d5d2d87f-ae46-4c84-8c1c-a934bf0a7afe.jpeg|/uploads/530354c5-2dd8-4df6-b140-29f6f585de97.jpeg|/uploads/9bc8fb8f-e170-4b91-90d9-7c400b5c904a.jpg
gisors-maison-5732,maison,Maison — 177 m² — Gisors,Gisors,262000,26200000,a_vendre,177,1000,6,4,,14,/uploads/c474ce1a-737a-48f3-b073-30e79b3ade7a.jpg|/uploads/dd57de67-32fa-4659-9e73-f87810b784d6.jpg|/uploads/840476ee-d213-4ea4-aaf0-6a567ca8ea8c.jpg|/uploads/81a680b4-6628-4096-846e-f52a3ef3a08e.jpg|/uploads/07a42277-3d9e-4c26-a90f-c35c3ebb06c4.jpg|/uploads/39640929-aa3d-400c-87eb-fb52d2d1cef9.jpg|/uploads/a602c267-4d1d-4ed6-b3a2-b7c880b07c35.jpg|/uploads/a70e2a8d-d99b-49de-8264-2be38d5253af.jpg|/uploads/0c990358-db9f-40d8-bf1d-b4c0969299a5.jpg|/uploads/0fcda5fb-6c9e-4d20-bab4-567ebe91948b.jpg|/uploads/79997d0a-c342-43ee-b123-734873512aad.jpg|/uploads/943cbd13-bf65-4b57-ba82-da70786aee41.jpg|/uploads/4c412cea-d088-4742-8f95-b2b3408bea50.jpg|/uploads/b8688b63-f966-4451-893e-99841c724d90.jpg
gisors-maison-5878,maison,Maison — 205 m² — Gisors,Gisors,273000,27300000,a_vendre,205,2610,10,3,,16,/uploads/6993d817-3422-4325-952c-c934bedca981.jpeg|/uploads/99e7ec61-7b5a-4d27-8c08-bb3eebfc08df.jpeg|/uploads/097f23b6-b32e-4a27-84ba-5cbfde08c853.jpeg|/uploads/da4ff863-39c1-432c-b68b-eadfee4753ab.jpg|/uploads/3cfc0521-8806-486f-b30d-20422bb5b08f.jpg|/uploads/e206c77b-1006-4442-99d9-6024d778229a.jpg|/uploads/82b59fe1-af64-4fb5-8351-0c3df1d25a53.jpg|/uploads/a40c14a3-1378-4ff5-9e10-fbe40b7ecd21.jpg|/uploads/dd31ca2a-edbf-44a9-b620-687c97b0f667.jpg|/uploads/3a13fe6f-756d-462e-a942-595884cfef23.jpg|/uploads/f8dac43d-24e7-42cd-ae2d-d373d410292f.jpg|/uploads/9a3d00b4-e96e-45bf-98f9-fc4b8a422ada.jpg|/uploads/855e664d-938b-4c45-8bf6-5c7cfff5baa9.jpg|/uploads/a3671848-c299-414c-a33e-7304409c5ae8.jpg|/uploads/19f50e91-ee2a-4b58-91f7-cb2b8428211b.jpg|/uploads/4df97200-7718-4f97-b013-7b19038b452e.jpg
gisors-maison-5987,maison,Maison — 125 m² — Gisors,Gisors,282000,28200000,a_vendre,125,1908,6,4,,17,/uploads/0d56f983-0ef1-4422-9ec3-1febf5262687.jpg|/uploads/867e4022-eef7-433a-9283-2c24d95c50df.jpg|/uploads/a2089f84-7a82-4854-8724-b311364fd4c1.jpg|/uploads/a00ec17e-aaa1-46a6-a7b9-2c62a73657c6.jpg|/uploads/a07d2b4b-05aa-47df-b8fa-7590952ae00d.jpg|/uploads/c21346a9-dca0-40eb-a223-f967e0ba1f36.jpg|/uploads/e5013d6c-e58e-4234-8ce8-08dba5ab4d08.jpg|/uploads/fbd74c5a-05e5-4e6d-8980-0ef6469c561f.jpg|/uploads/ddcb4789-3c66-460f-86ed-7ec98a4088fc.jpg|/uploads/e0fb7261-d4ec-41e5-b33d-7ed460230496.jpg|/uploads/8865a55b-da7c-4cda-ae93-a2a126846561.jpg|/uploads/b46b9d1f-221b-4cf2-9714-7529ad57be6e.jpg|/uploads/a1532764-8df3-4770-8df4-aa2ed82ba04a.jpg|/uploads/46af83ef-3848-4539-acae-f742b2c7a60a.jpg|/uploads/ec6c65f3-a504-41ec-8ce7-bcf367ad5136.jpg|/uploads/f8f1877c-050c-4492-980b-05408e8bdcec.jpg|/uploads/07a1ca0b-d5fc-4bf7-8402-739c8d742894.jpg
gisors-maison-6037,maison,Maison — 201 m² — Gisors,Gisors,288500,28850000,a_vendre,201,354,9,4,,18,/uploads/61a4f922-410f-495e-927c-f235fe757640.jpg|/uploads/7d0e313f-0c8f-49cd-9544-415853c302cd.jpg|/uploads/ca3304eb-aa6a-487e-b08b-fb684ef42e20.jpg|/uploads/77836d13-1009-4560-8208-2e82b55aa3f7.jpg|/uploads/be7be6c7-3742-4540-a36b-31f2f595eee3.jpg|/uploads/09b12414-b424-4d34-b95d-5314fcad4529.jpg|/uploads/f2e53a99-524c-44af-8ec0-db485d383d4e.jpg|/uploads/631128a7-c20f-4f00-9225-014cfbd549fc.jpg|/uploads/8f3baa54-f49c-4cf7-b248-e3297b1101d4.jpg|/uploads/ba7e8d31-581a-4d6d-8737-09c5fac9fb3c.jpg|/uploads/4323876d-8487-4590-8859-415227533c66.jpg|/uploads/f4375a5a-82f0-4bbe-9b98-bbfb8b5be250.jpg|/uploads/6346331c-d913-420e-ad23-e9579d837250.jpg|/uploads/8e2acaba-2c53-4dab-928b-b17899aa9b88.jpg|/uploads/3d941e8c-fa99-49e9-a32c-c9a9d027b5d4.jpg|/uploads/726ff02a-209e-492d-86d4-d8f8d5e26ee7.jpg|/uploads/dc610bf2-a3f6-4f0b-98d9-59668c23edde.jpg|/uploads/d19097d1-4ca6-4049-ae66-94746844fca8.jpg
gisors-maison-6066,maison,Maison — 140 m² — Gisors,Gisors,294000,29400000,a_vendre,140,1175,7,4,,20,/uploads/285b0fcf-03e5-4089-b215-13cc2bd6e94b.jpeg|/uploads/7eb70d0d-be53-43f7-ba48-7e1eafed0e0c.jpeg|/uploads/faa567a0-7900-4953-8129-f3b4b21aeb98.jpeg|/uploads/43e4c492-d64c-4b4b-ba1b-d2fcb7153d8a.jpeg|/uploads/abc7f905-c1e6-4169-a72a-37f435d7307c.jpeg|/uploads/9ea162cf-2530-4a52-ab2e-aacd68780629.jpeg|/uploads/a91c5985-9f1b-4b67-92ca-5c1e4cc5093d.jpeg|/uploads/7f533447-6e33-4836-bdd2-40cad304660d.jpeg|/uploads/abf10d52-74ab-4de0-88e2-b46d2570a52f.jpeg|/uploads/962b2b46-5213-4ec5-a7a1-609bb1ae173b.jpeg|/uploads/3084f27e-9c6e-42bc-bc90-f7675a2f265b.jpeg|/uploads/af9acc9b-5e6b-4b05-ba30-526c7a53450a.jpeg|/uploads/96834218-bdc9-447c-9e52-6af76491ef5e.jpeg|/uploads/cb3b7f45-405a-4da8-ba2e-a602410bf517.jpeg|/uploads/21871fe7-feae-4bd0-beda-eea20952e4ed.jpeg|/uploads/35eb8242-2af2-4e9d-bc03-b92a0524c76c.jpeg|/uploads/429bf64e-9a40-4fff-a4bb-3c565c235988.jpeg|/uploads/65d9ab8b-0f80-4772-8098-69265648b314.jpeg|/uploads/af47bc91-364a-47d0-b78f-e11d53d0e93b.jpeg|/uploads/31935a9b-7282-4405-8eb4-5a3c1a6b7759.jpeg
gisors-maison-6048,maison,Maison — 117 m² — Gisors,Gisors,314000,31400000,a_vendre,117,588,7,4,,20,/uploads/c7a77642-0cde-44c1-8bd8-f6807be15fe9.jpg|/uploads/aa929904-a92d-45ca-9c20-fbcb322a124c.jpg|/uploads/27705138-8ec2-43a8-a979-105e4e38e330.jpg|/uploads/23596274-3e49-4dcf-8458-3d4ad83a3d5a.jpg|/uploads/2cd7208b-f398-4041-929b-b509ae27e671.jpg|/uploads/e9b2f4d4-ca6f-404a-86b4-4ec02af673a9.jpg|/uploads/aa99a973-7809-47cd-86b8-f23eeddc7676.jpg|/uploads/50b62615-3a8b-408a-a641-b36d47bae94c.jpg|/uploads/7f766823-cb4a-41d9-80db-726353370a43.jpg|/uploads/6073a0e2-aa75-41aa-b37f-fdd83d8af356.jpg|/uploads/59fa2c9a-877b-4454-b90c-6e46b97da1a9.jpg|/uploads/b1efc3ce-c6b9-4299-b599-1fcb43ea4e4a.jpg|/uploads/8bce17b2-995a-410f-9dec-90b178362f73.jpg|/uploads/aed66f04-6d6e-4b23-8e52-fe8db475b0d4.jpg|/uploads/723e64a1-ae55-42ff-a270-52a6f7d74589.jpg|/uploads/8dda248c-8c91-40ef-a597-7773e7da112d.jpg|/uploads/ab785f40-654b-439e-9f00-9ee141f02eb8.jpg|/uploads/1761660b-1a28-4db5-bc6a-4c88798b1a87.jpg|/uploads/51f4b82d-bbab-4b10-a546-78a3d2d44c17.jpg|/uploads/fb41d2fe-9c68-44b7-89f9-9086a6972a6a.jpg
gisors-maison-6068,maison,Maison — 126 m² — Gisors,Gisors,314000,31400000,a_vendre,126,635,7,5,,20,/uploads/aa605cc1-da54-4a5c-b102-6d3277bf9ab2.jpeg|/uploads/ad4889aa-c6af-47db-83ad-e5a8d07ed715.jpeg|/uploads/f7d7f764-ac3a-4c01-acd2-9527ae69c706.jpeg|/uploads/33411a79-6983-43ee-82b5-f5b914b67e48.jpeg|/uploads/c59647dc-9073-4db4-8a2f-5ac10eb0ff7c.jpeg|/uploads/14571d08-c3f2-4206-9109-55e1ed13804b.jpeg|/uploads/5e4ec0e0-3e99-40f1-b834-174da8b65dbd.jpeg|/uploads/86197844-135c-47b3-9cc3-ef124ec7b8a4.jpeg|/uploads/58b18c38-8efd-4eef-a93b-f470933ad565.jpeg|/uploads/de436b19-daaf-4e38-acc3-6826b1630a0e.jpeg|/uploads/b565e730-06ee-42c2-854e-cdefdbb11c5b.jpeg|/uploads/8ec41e9f-4bd4-430f-a140-ac7b113ab059.jpeg|/uploads/059ce8b1-c18f-4d15-8510-e28916fac544.jpeg|/uploads/7e4f4465-2baa-4409-bbbd-032a0626586b.jpeg|/uploads/177bed25-5e18-478f-8809-96eeff93c69a.jpeg|/uploads/dd5a824c-f93c-42d7-a8c0-b2f6a8dead6b.jpeg|/uploads/883b9d5b-07aa-43c9-84b5-558e5e0ccabe.jpeg|/uploads/f93e78fc-b927-4b4f-81ad-ca81734fd6c8.jpeg|/uploads/2b3f8e63-1f86-4a4f-8476-b34b0bd10093.jpeg|/uploads/cad4ad1a-a5ea-4ee2-8838-60d533949ea9.jpeg
gisors-maison-6017,maison,Maison — 146 m² — Gisors,Gisors,315000,31500000,a_vendre,146,4870,7,4,,20,/uploads/b05d17f1-90bd-4d07-8c83-591f6a7a8e59.jpg|/uploads/83772c85-9722-4012-8d6c-6db215c26b50.jpg|/uploads/81cb97c8-9de7-46cf-a48e-7aafe4dc17fc.jpg|/uploads/8f67cefa-f6e6-4065-ac13-b4df7ec452cc.jpg|/uploads/994cafef-bd8d-41c6-8fe6-0c7c5d457fda.jpeg|/uploads/c50b4ded-00f3-4e55-8d51-901764b58c4d.jpeg|/uploads/b1e919be-6745-4aa3-ab28-a1a6111d6929.jpg|/uploads/00f2f2e0-6dfe-458f-90fd-e4515cf043aa.jpeg|/uploads/89f0a3ed-7613-495e-83e7-84379e7c8755.jpeg|/uploads/226b26cb-9547-4f44-a82c-096d862d1741.jpg|/uploads/35aeb116-27ce-430a-9af9-42d05993880e.jpg|/uploads/704db0a4-c6f0-409f-bcf4-01120d68fc54.jpg|/uploads/178532e1-6353-4f1b-9621-19d17c51a124.jpg|/uploads/9813730d-0660-42a4-945b-d7ef0a593af7.jpg|/uploads/7d0fea64-aa39-40e2-b655-c1cf0401094c.jpg|/uploads/ae28fb8d-a92f-4c62-a5ed-85c184c48d4f.jpg|/uploads/b03fa231-668a-40c7-88c7-9f9976ff65e0.jpg|/uploads/dca97811-54cd-4d74-8e19-683ad20c8270.jpg|/uploads/43312833-8f67-42ac-b854-2792dd24d4b1.jpg|/uploads/9f73d1fc-fd8c-4648-8f59-80101f73bb13.jpg
gisors-maison-5975,maison,Maison — 176 m² — Gisors,Gisors,317000,31700000,a_vendre,176,518,7,4,,13,/uploads/08cf96a9-9d4a-40d5-864d-ff5959ee2afa.jpg|/uploads/ee6e13fd-c410-4c70-8606-ebf6b065689b.jpg|/uploads/82fb6a6b-7dd0-4365-be3c-dd4565b9e821.jpeg|/uploads/ea9397e0-6eef-4e7b-9af8-e2c8391388ba.jpeg|/uploads/59021a8b-a2dd-45d3-b1d5-9e9cad72603c.jpeg|/uploads/d3775a9c-6872-42c2-85e2-1ad8bfef0f09.jpeg|/uploads/8e0c2e6c-271e-472f-8ca4-5fea53917bfd.jpeg|/uploads/2ce645b4-5d9c-44ed-bc88-add61baa9d9f.jpeg|/uploads/b6ef9c72-422d-4e6b-9f83-2b2f1d942116.jpeg|/uploads/7c36e93f-6a5a-41a7-8629-31969cfd862f.jpg|/uploads/f3179baa-668f-4cc0-9931-3af5a2d29609.jpg|/uploads/4c90f91d-6a3f-4c97-8bde-971b9e9a8f95.jpg|/uploads/e31878dc-05e3-4b3b-aacd-28d8306b33f5.jpg
gisors-maison-5966,maison,Maison — 135 m² — Gisors,Gisors,319000,31900000,a_vendre,135,540,7,4,,12,/uploads/b9d9f0d2-10e4-4e42-8461-5997f8212ad5.jpg|/uploads/f6a5da62-8cbc-4b2a-a6f0-f799f6848839.jpg|/uploads/8f54bb7b-fd58-42b1-9e63-c72eac6682c1.jpg|/uploads/5385b449-fe1c-44a3-9e64-baaec6f04bd1.jpg|/uploads/f44e3a44-1f40-4273-9096-5db8642c8fc0.jpg|/uploads/ea2e9113-dc8b-48ad-9cb6-a5a2c06ad107.jpg|/uploads/d2adabc2-9b56-44d1-b3c3-d291f00c9a71.jpg|/uploads/3aa6fefc-c9af-4b2b-be70-901651322108.jpg|/uploads/9d3dcf51-c966-403c-9820-30c9d27155e7.jpg|/uploads/6b68f1e1-51e5-47cd-814c-2d7a2a1be5a3.jpg|/uploads/6a1a3aea-611e-493a-9bf2-2c6585a1db0d.jpg|/uploads/5126f8f0-3e52-42b3-b098-4ebf6350ad96.jpg
gisors-maison-6060,maison,Maison — 189 m² — Gisors,Gisors,320000,32000000,a_vendre,189,1199,7,4,,20,/uploads/abd96686-d2d7-4a49-b712-1d95cc65e9b6.jpg|/uploads/95632b1e-fbc0-4dd8-a9dd-0583581ff4af.jpg|/uploads/253dd535-b1f7-422f-a8a8-2d5ceaf1487f.jpg|/uploads/c7ab4e93-53c7-4636-a334-9365bdcfb8f9.jpg|/uploads/bd71a6bd-0ee3-4d34-a502-422f5d89463d.jpg|/uploads/a2a917bf-652a-4043-8437-8a8fb683b793.jpg|/uploads/a28b7afc-2daf-4c3d-82b8-66b350caa64e.jpg|/uploads/4c9fcf98-a582-41ec-baf7-67d5873d61a7.jpg|/uploads/d42c6c53-2c56-45cb-a439-40af52054750.jpg|/uploads/a65071ce-b443-478f-bd77-20c380059c33.jpg|/uploads/395c4491-8deb-4b19-9d73-8263f27b0fef.jpg|/uploads/1edc6e9b-d764-4e5b-aa53-2236ef4f8e2c.jpg|/uploads/b29c887e-3145-42df-8d53-ff294bba0576.jpg|/uploads/044443c1-c4ce-4235-9e70-b62b992d120f.jpg|/uploads/472497d7-fbdd-453a-8fc2-13ab05f4a3f1.jpg|/uploads/0a75785b-9716-4266-a525-8a0ce74b366a.jpg|/uploads/f6eba7d2-ff99-4b31-a939-bcf7b953dce2.jpg|/uploads/6e68711c-2233-4453-91ee-ceae1aa4f66a.jpg|/uploads/53d2081a-2f2d-42f9-84d8-f263a6c60de9.jpg|/uploads/f768c500-8400-41d6-bcfe-f95a9a1053e4.jpg
gisors-maison-6030,maison,Maison — 200 m² — Gisors,Gisors,325000,32500000,a_vendre,200,458,7,4,,14,/uploads/4044740d-7854-42e1-80bb-fcce97d092e5.jpg|/uploads/a6b07096-7b37-44c9-afe1-9b71384ed39f.jpeg|/uploads/cf1c18cd-16fd-4ec9-9a29-dc9cab395804.jpg|/uploads/25c5a9d4-ddb1-4b34-872e-4ada9b4dc9ae.jpeg|/uploads/334d2cdd-2dd4-4632-9dfa-2c8cb566132f.jpg|/uploads/1ec9f0e2-beb0-4a99-8d36-4398787cdf23.jpg|/uploads/0f32a4c1-091c-44c4-a458-4510646dd3be.jpg|/uploads/b34b527c-3d26-4e7a-91aa-407cc2bd3628.jpeg|/uploads/88a0608d-85c1-41e0-abc9-168bc93f35fe.jpg|/uploads/eaeff8ae-bf39-40d5-a300-40474c0a9199.jpg|/uploads/f791d983-1de8-4cae-92c5-da6e6b0a910a.jpg|/uploads/86b94235-3b3f-431a-894d-2e00f9fc4328.jpg|/uploads/108685df-8e0f-42f8-8218-d1e5157a7744.jpeg|/uploads/3ce88190-8dd1-4f5d-ac70-3747e5a19210.jpg
gisors-appartement-5939,appartement,Appartement — 105 m² — Gisors,Gisors,325000,32500000,a_vendre,105,,5,4,,10,/uploads/d6f06a50-fbb2-43d0-81c6-cd0ca68e0ab2.jpg|/uploads/6a4f8ed7-eceb-43de-8a94-4de71a791f01.jpg|/uploads/47578fc0-cc64-49ea-a4c5-7cbd25949deb.jpg|/uploads/e26f5a48-4bfd-4869-b8e7-ea21b70d4850.jpg|/uploads/774800b9-7f96-445f-b3c9-486f22a0122f.jpg|/uploads/73fe1ea7-51a4-456d-8908-62da6dbed6b5.jpg|/uploads/0c7e6de6-62d3-4a23-958c-edff2dd42924.jpg|/uploads/1ddc3882-0157-4b53-8cce-2302fce9bb29.jpg|/uploads/2fe526e1-d0a6-42b4-a796-6efa4826c6e4.jpg|/uploads/9d21689b-6982-4e5f-bf6d-ead92ae5d45f.jpg
gisors-maison-6062,maison,Maison — 104 m² — Gisors,Gisors,334000,33400000,a_vendre,104,522,5,3,,20,/uploads/db0b6e22-c3b7-4233-bb43-f8714fa3d613.jpg|/uploads/eab3787b-92ba-47d7-a785-0501dcd57bce.jpg|/uploads/06d732e3-1b7a-4f6e-b853-e7e9d8f6ea4f.jpg|/uploads/205d84fb-fc68-4d8f-9bac-ceb8e857cf97.jpg|/uploads/07868e0c-df57-4347-b9ba-d4e4de705ecf.jpg|/uploads/e7b4435b-020a-4b53-8a4a-9f92140687e2.jpg|/uploads/13a740b6-68a8-4857-b5f7-173576a25ab6.jpg|/uploads/10e675b2-af0c-41bf-85d3-228dbd81bb1a.jpg|/uploads/f9bc7bff-37ee-4baa-8b5b-d7b208936ed7.jpg|/uploads/c01bfbc1-e3e5-4c06-8c7d-fcf742393b95.jpg|/uploads/9222261a-9bb0-438d-ba09-213af118e2f7.jpg|/uploads/21eed50f-b26c-4fc7-b415-d5ec2b0e7164.jpg|/uploads/0a0547b8-c14a-4e8d-968e-7e6c40bcb15e.jpg|/uploads/b67c1f84-8f1b-43d7-9658-3d9b52bacee2.jpg|/uploads/bc5963d4-ae8a-48f5-8748-500cf5c70639.jpg|/uploads/e11e5a57-fd3c-4179-a585-0575bbebf8c6.jpg|/uploads/39cfc834-1289-41bb-815d-9be83868d696.jpg|/uploads/0ab5d8a9-7561-4912-bcfb-cf2d66c5c3e5.jpg|/uploads/4a501ebd-d389-4291-8beb-4eae92372f27.jpg|/uploads/f3ea099c-c75b-4758-9649-45aa4b40429f.jpg
gisors-maison-5940,maison,Maison — 144 m² — Gisors,Gisors,337000,33700000,a_vendre,144,390,8,5,,15,/uploads/321d82f5-f5c3-483f-a5f0-77bbbcae3373.jpg|/uploads/ae459124-ddaf-4341-9a63-7a332131a1e4.jpg|/uploads/4c4a7fa1-de30-4bcf-a776-1b1d9b8f551b.jpg|/uploads/aa49ceed-f730-40e3-8625-e61d2c06547b.jpg|/uploads/791e5a71-920a-43b2-91b5-7c63b42833d4.jpg|/uploads/a27a2c91-4fbe-4821-8997-b75cc076834f.jpg|/uploads/70d920ed-678c-4c32-b0b9-f9eac07ea095.jpg|/uploads/e8fc8587-4ef8-4cbf-81f7-29cf8838dbd1.jpg|/uploads/c1e70ccc-f805-44e7-aa82-af3a7aa8b160.jpg|/uploads/413f4618-2e09-4a74-8737-dbe1a0a65701.jpg|/uploads/336f6f84-fce3-4c74-b97f-423a0d23c4ef.jpg|/uploads/bcbbce19-bf13-45cd-8859-44a8ed2d5619.jpg|/uploads/a2f2dda6-cdf9-4496-9cc7-33e5ed9ade73.jpg|/uploads/b3f6dde2-3bed-447f-b61b-e4efb1b96039.jpg|/uploads/af1a260c-fa58-4731-9f7f-c9855ebfda47.jpg
gisors-maison-6063,maison,Maison — 146 m² — Gisors,Gisors,345000,34500000,a_vendre,146,1951,7,5,,20,/uploads/d48e94b2-9ca5-4bbf-b815-a73d3dee63a8.jpeg|/uploads/b965837b-04de-4bed-bf9c-5144910a6288.jpeg|/uploads/ecf8504d-1dfe-4fcf-83db-d8c5927c1bc2.jpeg|/uploads/3c91d34d-4d79-4231-8d78-6e2243a7f5c6.jpeg|/uploads/32fbe271-c7a9-438d-9eb9-b57b5d07824e.jpeg|/uploads/df4958fa-9efb-4d53-a2c3-afc8f31edcdd.jpeg|/uploads/e7c8fa5a-efb4-43f4-bdda-8f6a1c96c163.jpeg|/uploads/1f85b6fe-007c-4c0c-a410-af94f28af16b.jpeg|/uploads/6d6e0fd4-85ae-4d2c-a104-fae90c17266a.jpeg|/uploads/14ae7682-c46f-4659-8c4b-dc36daf7148c.jpeg|/uploads/30a0844a-6289-4f73-8f83-0e75c6f0fb91.jpeg|/uploads/6480e5c6-e8f9-47b7-af76-a32461a9c2d1.jpeg|/uploads/f3c140d6-c5d0-47e0-afb5-3b7965c4a6d7.jpeg|/uploads/b3195331-3516-41ce-808c-1bedc2f97480.jpeg|/uploads/78a705f7-a374-4f78-86a6-952b7780faa9.jpeg|/uploads/b6892e00-e981-4cb2-9870-c982761a99fc.jpeg|/uploads/a3d77197-e33e-4709-8b77-57addf44d28f.jpeg|/uploads/8a5fc004-a11d-4953-8314-bbad397965d9.jpeg|/uploads/160618fb-44f2-4a08-908c-fb2d9f3c3e39.jpeg|/uploads/2c60ae60-68bb-4327-973c-45dc694c7302.jpeg
gisors-maison-6050,maison,Maison — 185 m² — Gisors,Gisors,356000,35600000,a_vendre,185,513,9,6,,14,/uploads/b5251d41-62ee-4f28-97f9-d52618d3f21b.jpg|/uploads/c0a3a2b8-c169-427e-9fd7-6d7d4b13938d.jpg|/uploads/19a1652d-2137-4372-a1c4-4473d5f666ed.jpg|/uploads/09701d45-b0ad-4779-ae4d-748350d65c0b.jpg|/uploads/5c5705ef-abb1-4563-a1f2-1b072e769fa8.jpg|/uploads/8fbf3ba8-b6e0-475a-98c2-c2999e03c2c7.jpg|/uploads/4b35ca15-b1a6-4d9d-b336-6a84023dcdb3.jpg|/uploads/0daa26e8-096b-4ca8-8644-f2f6d79187c7.jpg|/uploads/97f09882-131a-4190-81cb-d8572f059b6d.jpg|/uploads/2b324f6f-0fe1-4136-a001-801fedb42b28.jpg|/uploads/e1ffc3dd-7492-4b43-a4d7-93b36ef34072.jpg|/uploads/be379aa5-771c-4f3b-86cc-41252c581f59.jpg|/uploads/7045c7dc-c3b7-46da-a0ca-fee7a09e91b1.jpg|/uploads/19285029-174a-4f92-878c-072144e7e2bf.jpg
gisors-maison-5982,maison,Maison — 193 m² — Gisors,Gisors,375000,37500000,a_vendre,193,1500,7,4,,13,/uploads/8e761383-a25a-4aa7-8734-c61884a54e61.jpg|/uploads/02249fd9-8a40-4388-a514-03fec7f64863.jpg|/uploads/9b76c99e-20e0-4a6d-be36-355eca7dbfd1.jpg|/uploads/3ba8330e-a865-494c-b84f-358f80fa7a6f.jpg|/uploads/04309d10-f635-42be-b3f8-6d14934bad43.jpg|/uploads/d8154d9a-d59a-414a-b3e2-97bb22134ba1.jpg|/uploads/b9eb587e-1155-4583-a056-73622ac3d942.jpg|/uploads/d1006a58-8c76-425a-870f-7226ea7fd20c.jpg|/uploads/9d9781bc-4db2-4546-8c51-c3d8fcf33eef.jpg|/uploads/5bac860b-1f2c-45ad-aa6f-9249ec8b3f70.jpg|/uploads/7b59d12c-6045-4a23-8969-6a2c8cbe0b9b.jpg|/uploads/302f27d3-53dd-4285-ba99-81b684e11c90.jpg|/uploads/66f2fbcd-bc8c-47f1-982e-bd625a031378.jpg
gisors-immeuble-5914,immeuble,Immeuble — 101 m² — Gisors,Gisors,379000,37900000,a_vendre,101,87,6,3,,15,/uploads/0bca6987-01a7-4c1a-a94c-a16d37cf55ff.jpeg|/uploads/184b46be-8e91-4ab7-959a-5830a1981299.jpg|/uploads/34b0dbf7-87e1-4384-8586-fed6b75d9858.jpeg|/uploads/c49a6a8a-15e7-4ca1-80bb-7e3cbbcebdcf.jpeg|/uploads/3f093fed-b069-4002-bb90-8f341865c00d.jpeg|/uploads/44b9f198-1aaa-4355-80de-7afc528e20b6.jpeg|/uploads/476247eb-1afd-4b44-9df0-d46e86303dc2.jpeg|/uploads/38bb73fd-24c1-4073-9f10-b1b6022e96e7.jpeg|/uploads/831d6bbd-e660-4059-a8d3-3c7dcbd1425a.jpg|/uploads/83f3ab71-a111-4543-a0c0-96d22bad5ac9.jpg|/uploads/bcb0e959-1f31-40b1-b54b-3f0b9cdd4930.jpg|/uploads/e55dd833-b496-4967-8763-f892af7f2630.jpg|/uploads/de1a6c94-59a1-456e-9d13-0e0b5e228e30.jpeg|/uploads/23a8b65e-b903-4062-aa82-3c898f42a3eb.jpg|/uploads/26eb8b70-4e9e-4008-9512-91e181251934.jpeg
gisors-maison-5901,maison,Maison — 143 m² — Gisors,Gisors,397000,39700000,a_vendre,143,2401,6,5,,14,/uploads/d25406fa-a665-4669-9dfe-ecd07bb4f956.jpg|/uploads/93380f4a-e28a-4a9a-9f21-074acdaff3be.jpg|/uploads/87a18e47-9ae6-4ea4-8f81-327a0510e3bc.jpg|/uploads/4bf962c9-aecc-4927-955f-f658a7becc55.jpg|/uploads/7d1f7917-7b2f-4dab-865b-ed8e06cae854.jpg|/uploads/2ae11d67-8503-4735-bb3f-32ab8160b065.jpg|/uploads/ba460750-a0f5-4709-bfee-8663b4cd4b23.jpg|/uploads/a7a47a64-9d57-49e7-929e-9361cbd75c64.jpg|/uploads/949b19c4-0015-4364-afdc-f38b8b05f694.jpg|/uploads/993b4a1e-af8f-4847-bc29-7cb1f8250e0a.jpg|/uploads/1a66497e-78d1-414a-baff-5bbb5376e65f.jpg|/uploads/e127bea1-b9ed-4be1-b96e-1444a2b75ee4.jpg|/uploads/47ea09e1-152e-4e89-a428-626d8aa56a6d.jpg|/uploads/8d08ea74-1685-4dc2-b8d9-6a82e59674d0.jpg
gisors-maison-5855,maison,Maison — 200 m² — Gisors,Gisors,400000,40000000,a_vendre,200,5000,8,5,,14,/uploads/1295de89-942a-4d63-ba85-c23a65f1a67e.jpg|/uploads/8efe32e7-af05-45f0-b807-6897e44bbfb7.jpg|/uploads/f8ab1bd5-9d1b-42dd-9757-adaaa5631e48.jpg|/uploads/7fe626e4-d8bc-4201-92cd-f7fe411fdb7b.jpg|/uploads/cd2e895b-7b79-40ef-af97-55f977201fc7.jpg|/uploads/efae19d0-6713-44f2-85f4-621b7f676479.jpg|/uploads/719ef0e4-dffc-4ed3-9e15-e8316957b89e.jpg|/uploads/942dfe12-bc47-4444-922d-4b88c2cc9eea.jpg|/uploads/9e4f33a9-22aa-4d99-9d05-f992b5f23d5a.jpg|/uploads/65c671df-7404-4130-b6cb-996d1faa9c39.jpg|/uploads/521b3234-e4fe-4c50-83e6-78a4494d757c.jpg|/uploads/7fb40090-5815-4f9a-95e5-b64d550923f7.jpg|/uploads/ff8550ce-5dfb-4f16-8d8e-0f8c6f45315d.jpg|/uploads/e9f8a523-d49d-4c80-8cfe-b647c3b012bc.jpg
gisors-maison-5933,maison,Maison — 167 m² — Gisors,Gisors,417000,41700000,a_vendre,167,14033,10,4,,19,/uploads/3a69e493-9cb5-4815-91dc-c9dbb36c5419.jpg|/uploads/9ab81e5b-d849-4c5f-a06b-97662e44c75d.jpg|/uploads/e1108e36-b6a3-4258-8c6e-a90493bf1ef7.jpg|/uploads/78afc80d-dd73-4d54-beda-d2412f92babe.jpg|/uploads/40a8204b-2f85-4af5-9565-8b13c3f2d37f.jpg|/uploads/1d0cbf62-39e0-42a3-9010-30727b30b512.jpg|/uploads/d27350ed-60eb-4e68-bbc9-60537c589e09.jpg|/uploads/fe31bee1-f241-46d2-b8d6-80171de69dd1.jpg|/uploads/c679d17f-9002-4821-b28c-a3b5a4aae391.jpg|/uploads/561b101d-042d-4efe-ad8e-7c21cab13044.jpg|/uploads/dc1b7bcb-f0cc-416e-809b-ffba7f7c089d.jpg|/uploads/e84aa342-d2c0-402c-88a6-566e28dd484d.jpg|/uploads/4b2a0874-ab5f-40cf-8884-dbcae28b155b.jpg|/uploads/b29dc82d-c0c5-4f82-8985-1a9bb831697c.jpg|/uploads/2889d962-966a-428f-93d9-93ba917302d5.jpg|/uploads/fad88c5f-53e1-4bfa-a06d-2b9b0de532bc.jpg|/uploads/caefa40f-7718-40ce-b995-749101fdea70.jpg|/uploads/e5f7e894-1047-45a6-ba9f-e4b0b3103522.jpg|/uploads/d78a5b15-9a54-473a-9d93-ba68eb560d21.jpg
gisors-maison-6046,maison,Maison — 82 m² — Gisors,Gisors,437000,43700000,a_vendre,82,1623,4,3,,20,/uploads/24e117a9-2863-446e-8bcd-e3308d5a66c4.jpg|/uploads/f3223005-a2a8-4fc3-b6fe-ca11fdbda169.jpeg|/uploads/f4f72fd8-aea9-409f-8e40-5fbc52811452.jpg|/uploads/31bd3a3c-f1f0-4e1c-a1ab-43065856a907.jpeg|/uploads/76f8e1c0-6d47-4319-8cc7-84454884a514.jpeg|/uploads/4dc4eb8d-6786-49b7-acd1-99ee1ff0424d.jpeg|/uploads/a664f369-46f9-4ff9-be60-e7b47ee66c43.jpeg|/uploads/9a38e479-5dbd-4974-9183-a63f027371ea.jpeg|/uploads/f852b7b8-e522-4a62-b543-16cca452e237.jpeg|/uploads/c72a0586-934d-4b7d-90ba-75fffefd4f70.jpeg|/uploads/1dcf81fa-279e-454c-8c8b-91bcd25167d7.jpeg|/uploads/7cc218ae-7923-4b09-b905-ecbe8d28b12a.jpeg|/uploads/38aa4554-1cf2-4df1-9dc6-39ff807f86bd.jpeg|/uploads/9fd43812-2cae-418c-9bc7-8d6228a547b0.jpeg|/uploads/5b1e3e40-517d-4bce-b560-6fed6096c1a8.jpeg|/uploads/67a267b4-1390-409c-9276-15335151015a.jpeg|/uploads/9f51e0d3-dde6-4a11-b581-ccda49afdc4b.jpeg|/uploads/b6472667-0624-406f-823c-d81d8ba2bb50.jpeg|/uploads/2dd49389-8699-48cf-aed0-d66eac34c2c4.jpeg|/uploads/cb73276e-5dd1-44b3-b85b-ccdacad4b8eb.jpeg
gisors-maison-5959,maison,Maison — 320 m² — Gisors,Gisors,445000,44500000,a_vendre,320,3406,10,6,,10,/uploads/e293ef1d-8b0f-4869-80ca-dfc461eccf21.jpeg|/uploads/38b830ac-9ec7-47c6-97c5-d4e3ed994b70.jpeg|/uploads/59882d42-8742-4e94-aee1-5a6963772c27.jpeg|/uploads/9bdf2c30-9a4f-4d58-84ba-05834b3e656e.jpg|/uploads/ae0320b4-3e86-4810-a38b-da12c608aa7e.jpg|/uploads/46a11749-fec9-437a-beb3-95a33b325aa7.jpg|/uploads/c157a673-215c-462b-92ec-1c9dc0861fe9.jpg|/uploads/6c2820ab-1f98-440a-a075-fe89c0624b1f.jpg|/uploads/d692b8fb-58da-44c2-9dbf-dcb5f291f338.jpg|/uploads/4aeccefc-f593-4916-95f1-46fe73ca0249.jpg
gisors-maison-6026,maison,Maison — 186 m² — Gisors,Gisors,450000,45000000,a_vendre,186,415,8,3,,20,/uploads/720b365c-a9c6-4ae5-84c6-23a29e248a77.jpg|/uploads/094f107a-015f-4dea-837c-228a6f5bdb24.jpg|/uploads/1849a38d-5857-4286-b34c-d17d80960e4a.jpg|/uploads/77092e9f-06a2-4f9b-845e-82baf7aeda4b.jpg|/uploads/125f6409-7081-4ee9-bea6-1ce161dfc4ee.jpg|/uploads/544d8f68-7ed0-467c-a71d-ab1b9493eee8.jpg|/uploads/ba04a44b-50c4-4472-8f27-6f02bf2c0a7f.jpg|/uploads/a616b63a-9ccc-48e2-8959-57d0925082f6.jpg|/uploads/93bfa676-3bd9-4bfc-9142-d25304e57f49.jpg|/uploads/a26bbeeb-8efc-4f27-aa5b-524147d1a439.jpg|/uploads/be31749f-e37f-4223-b7eb-f8b86a63d6a3.jpg|/uploads/daea8c32-75ff-4df8-9383-ee85b2615335.jpg|/uploads/e31b1ec6-7e44-47c7-9224-3e4e32757aaa.jpg|/uploads/a5a6ebe1-0512-4ef2-84aa-6f73e8367f79.jpeg|/uploads/532be5ae-ab7e-4b9b-bf22-c640846936c7.jpg|/uploads/2cb93a62-b7ad-4b02-a2a9-1654360a679d.jpg|/uploads/fd888fd8-a5ad-423a-9186-bb9132e942fe.jpg|/uploads/4b8b841d-b7b5-4063-b4f8-4c261e15be2c.jpg|/uploads/0c3d092b-61ab-4d0e-b8d4-f8b9777fc069.jpg|/uploads/bfb1566f-64bc-4e3c-850c-07e3a5738df7.jpg
gisors-maison-6054,maison,Maison — 175 m² — Gisors,Gisors,457000,45700000,a_vendre,175,1930,9,7,,20,/uploads/16c47f06-0432-42f8-91c2-3a29b9d0fa01.jpeg|/uploads/e903e5d0-f4d9-400a-aac7-ee6d8e7c7a24.jpeg|/uploads/77269d51-9542-46e4-a731-5d609d59d156.jpeg|/uploads/12c202f1-3086-4cbe-9f71-776351c2f9a9.jpeg|/uploads/72da2934-2496-42a4-8cd6-8ce5d483b611.jpeg|/uploads/e47acb68-8649-408a-8113-a0ef8589c1a8.jpeg|/uploads/3b8030da-b996-4e91-a5b5-d7dc4db42ca1.jpeg|/uploads/ed952651-55f5-4981-a47a-c64628ff8cca.jpeg|/uploads/931fadc4-149a-43dd-a872-310dead6be84.jpeg|/uploads/b6e4055d-56e5-442d-8b25-3aa1d12e55f6.jpeg|/uploads/2099f175-9498-4563-9070-6312f8602490.jpeg|/uploads/82494f79-a988-4422-bba5-46157d83ad8f.jpeg|/uploads/3dd7c566-657d-4896-910d-f37eba459460.jpeg|/uploads/582061e4-a146-4102-bf59-c210e1d0fa72.jpeg|/uploads/6e2b1b5d-70bf-4c42-9b9d-f5107b32cc4a.jpeg|/uploads/47d5750a-0a00-49fc-b4d1-6b7526386b12.jpeg|/uploads/4fbce9b7-676b-4d14-ac72-b5b25f603dfb.jpeg|/uploads/e901981b-e01e-45f3-a69b-65ac77c6ed1b.jpeg|/uploads/37d0b83b-1a3a-475e-b0ca-eb0eae9e95f6.jpeg|/uploads/17ae0191-f9ad-419d-b075-7f698de2f52a.jpeg
gisors-maison-5988,maison,Maison — 190 m² — Gisors,Gisors,470000,47000000,a_vendre,190,758,10,5,,10,/uploads/0b692466-b929-453f-889c-d22f6a2cfc26.jpg|/uploads/08685ae8-6140-476e-baa1-945478633580.jpg|/uploads/ab3282eb-1b8f-46a9-bffc-67d84b60f04b.jpg|/uploads/0b072a21-0172-4b0c-b74f-a5bced86a377.jpg|/uploads/9b1ca047-9db3-46ed-abdf-c43fa4bd978e.jpg|/uploads/6551a4e9-86c1-4321-9ee6-2d80ad26b607.jpg|/uploads/7e4289e5-a92a-4648-9d22-81b42bfe07f8.jpg|/uploads/02cecc15-ded3-4df1-a69b-b62a34ffb4ad.jpg|/uploads/69ca2979-483d-44b1-8490-09e49e96d154.jpg|/uploads/98f722f7-f9d7-4eea-88d2-45f33fc4e60b.jpg
gisors-maison-5922,maison,Maison — 193 m² — Gisors,Gisors,495000,49500000,a_vendre,193,3476,7,4,,14,/uploads/8cdf3916-4cf3-4316-a9a6-059406382e5e.jpg|/uploads/0935c04d-fc0d-44bf-81be-b3babebb3f55.jpg|/uploads/de622924-c95c-4e76-8584-743f6fa14da5.jpg|/uploads/91891e94-b9b6-4936-a2cb-7b070659bee4.jpg|/uploads/bed1c9be-630f-48e7-948f-019582e4dcf0.jpg|/uploads/58bcc58d-fba7-4319-a88d-7858c63bc914.jpg|/uploads/cf4adb3f-7609-473f-9e92-92bd45c42fc6.jpg|/uploads/69bc72a0-c140-4ecd-b1fa-7f7bcfb2ee28.jpg|/uploads/601a4025-a82c-4be8-8af8-965569413492.jpg|/uploads/e4526b3c-ed37-4765-bf7f-aac6a4a3c15a.jpg|/uploads/b245e201-5441-4cf8-829c-dbd167c25df3.jpg|/uploads/e2053822-37fc-4f4a-9e68-d940659f97d5.jpg|/uploads/ee6aeb13-ce03-4b70-b33e-aac8e0d2b832.jpg|/uploads/5627c477-9795-4ce1-bcb9-ec4b6f4e47e2.jpg
gisors-maison-6028,maison,Maison — 161 m² — Gisors,Gisors,499000,49900000,a_vendre,161,3282,6,3,,20,/uploads/f1d31cde-5900-4ecc-bedc-5e349e2b4a23.jpg|/uploads/39f1ce63-bb88-4ef5-98ef-48eda0d0148f.jpg|/uploads/5a1cda85-7e07-4227-aa4f-77ccf5984705.jpg|/uploads/9d033ba9-bf22-4045-ba96-8706da563052.jpg|/uploads/7108e1d9-3e15-43f9-9f0b-fa0492980ea9.jpg|/uploads/13aaa77b-a5b2-4916-ace1-955486fe0c8b.jpg|/uploads/a02cfabb-be5f-4d27-a786-9d4d278e6d85.jpg|/uploads/753a18ef-4fe8-4554-b0e2-f4d6e97cbcf8.jpg|/uploads/0c48bbfb-f2a2-4eb9-93f6-ac2f159e680e.jpg|/uploads/58da1868-ab67-4c84-b9f0-6a3201be6569.jpg|/uploads/0f36636b-b69a-4b14-b2de-da5c1cfeca02.jpg|/uploads/b65d5f15-f445-4a44-bdaf-de3094b70273.jpg|/uploads/85bbdcc7-c1eb-4460-973a-8c78ed5289be.jpg|/uploads/d8dd5c8b-64ec-41cf-b06a-3a1312e148a3.jpg|/uploads/e49c7edb-5641-4b3c-8f6b-a37b736b39b1.jpg|/uploads/b333cefc-cdc4-4d82-a14c-1fd4f4b1ee97.jpg|/uploads/d4004ac0-556b-4f89-a896-6c3453173fa1.jpg|/uploads/463da473-8550-4370-aff2-74b4c25b2bb0.jpg|/uploads/b47cdf9e-23c1-471e-961e-6592bc3142a3.jpg|/uploads/36f9eba2-abaa-4e98-8611-4ba5f97b8f5c.jpg
gisors-maison-6031,maison,Maison — 175 m² — Gisors,Gisors,520000,52000000,a_vendre,175,23867,7,4,,13,/uploads/0a5bf8ef-b616-4211-b517-082bad44acc0.jpg|/uploads/9bc31c65-29a8-4cf7-8a02-a4f3b1a5e060.jpg|/uploads/a6b93da2-42a1-480a-9e4d-8709d2b697b4.jpg|/uploads/e1e1f62a-2605-4e34-9a23-9cee76b775e7.jpg|/uploads/aad68021-15b5-4a99-a3c9-b477d2d5ea47.jpg|/uploads/38c57887-2706-4eda-a4f8-96599ab737f3.jpg|/uploads/af62ac32-4ffb-47b9-b310-feb468e3d12d.jpg|/uploads/558de3e7-7d1c-4ad1-bd45-354dbbc11e44.jpg|/uploads/0c026d09-60b9-41b4-9b72-89bbbe79743b.jpg|/uploads/a50e1849-4ee6-48f8-b6a4-422f07b90fe3.jpg|/uploads/d98c09e2-d79c-49bd-9d3f-4fabd316cb2b.jpg|/uploads/af1d6e6e-bafd-4bd6-a7b8-752183739941.jpg|/uploads/c1a21e45-cd45-4e66-83a9-ef556ec37dbc.jpg
gisors-maison-6001,maison,Maison — 261 m² — Gisors,Gisors,542000,54200000,a_vendre,261,4372,8,5,,20,/uploads/dc537359-a80b-42d3-8267-64a7f0636ce0.jpeg|/uploads/7c0d611b-3faf-4809-924c-223961204743.jpeg|/uploads/9b41f68d-a55c-4799-9811-c0fcd383fe8e.jpg|/uploads/0458bbb6-1078-4e16-ab26-8b33010aed3e.jpg|/uploads/45ce6436-1718-4f0a-ba3b-a854fd581c48.jpg|/uploads/348c11b3-4838-434d-963b-6f1544d7270e.jpg|/uploads/8b735f8a-f54e-489b-96f2-abefdebc3002.jpg|/uploads/e89a1d11-72d1-4274-a2e5-d5e8911049e0.jpg|/uploads/bd6b6002-76df-4618-8868-799fc082eece.jpg|/uploads/3e81268e-51d2-41c4-90b3-7d8421e0dfd2.jpg|/uploads/bc285040-d56d-457b-8a95-79e0c21aa1a2.jpg|/uploads/2f9318bb-6cc5-46eb-b3ac-f5d0a22f0cc9.jpg|/uploads/f99db27f-39c2-4921-af6e-dff29c070d0d.jpg|/uploads/7234af61-08ec-4ac7-9f06-ba735392c956.jpeg|/uploads/1f954d46-9859-4a63-9bc1-c6fe263a36c2.jpeg|/uploads/2d9f283d-fde3-4b1f-b621-af16a1d4d03f.jpeg|/uploads/8f6d9df9-6607-456e-95c6-5db8675812fd.jpeg|/uploads/e976b912-cd61-43e2-a6ea-3c21e2be0d7c.jpeg|/uploads/0ea8f5d8-046f-4013-a5a3-2e9a1a56df88.jpg|/uploads/f2b20891-8349-4c4b-b8e8-f18b7b94ddb1.jpg
gisors-maison-5943,maison,Maison — 160 m² — Gisors,Gisors,573000,57300000,a_vendre,160,7851,7,4,,20,/uploads/7db92ce1-9df9-4344-86c5-30c67f683843.jpg|/uploads/fd479640-bf73-4e79-a12f-099a2fbd193f.jpg|/uploads/fe20c413-32be-4c88-ab65-a90789a31467.jpg|/uploads/8c8be4e3-7f41-4248-82ac-4196f3654b4f.jpg|/uploads/18063066-7a9e-4b33-b329-41700a9f0c83.jpg|/uploads/5854b60a-1a24-45db-ba8e-94bc52ec97e1.jpg|/uploads/af8a833c-57d6-4966-8457-b98f5930f161.jpg|/uploads/e48c90b5-c8f1-48e2-a944-1da6a342e211.jpg|/uploads/26303b64-d5b6-4f8f-a0c4-52f0332d5b67.jpg|/uploads/3733b2b8-1138-468f-a81d-6129b12e0cc0.jpg|/uploads/1bfda9c0-fd16-4ece-b003-25d32c72c8e8.jpg|/uploads/77348731-99eb-4ac4-9d41-9cab29a35d0c.jpg|/uploads/724319da-587c-475b-a8b2-c5c30ae055d2.jpg|/uploads/f798cff5-8478-41af-b763-2e85a9f546f3.jpg|/uploads/6d6802e9-8937-41df-91ac-1d8dc96d05b8.jpg|/uploads/069b5d49-89fa-417f-aea7-7548cde31bf9.jpg|/uploads/52a111c5-f5d5-4cc6-9c54-daafb26684a3.jpg|/uploads/9e141934-9c0a-4611-826f-ff565530437c.jpg|/uploads/59c57ea5-749b-4a3a-88ea-7738ffe1424f.jpg|/uploads/746af2f3-b9e8-4ce6-8553-74c6d1db8416.jpg
les-thilliers-en-vexin-terrain-5997,terrain,Terrain — 184 m² — Les thilliers en vexin,Les thilliers en vexin,262000,26200000,a_vendre,184,1091,10,7,,4,/uploads/50a1ad65-0bfc-48a6-99e9-05467e9bab42.jpg|/uploads/e3a6f321-9105-4e96-a08b-379fcdbd27fe.jpg|/uploads/cd4268d3-9e6e-4a58-a4c7-be0cb7ae1864.jpg|/uploads/bc64798f-30d5-45ce-8822-e5a66ce8399e.jpg
les-thilliers-en-vexin-maison-5848,maison,Maison — 165 m² — Les thilliers en vexin,Les thilliers en vexin,345000,34500000,a_vendre,165,1277,6,4,,9,/uploads/25755d4b-f07c-4d31-9f40-581316a28e83.jpg|/uploads/77079165-d48c-4563-99dd-289299c15c24.jpg|/uploads/7a76acc6-319b-47ae-a7c1-f632e2b3eb7f.jpg|/uploads/f5ef884a-229a-483f-bf2c-15ed2e50bb32.jpg|/uploads/151e9afd-9ba5-4a43-8811-e081f0fe3f6e.jpg|/uploads/dae0bb72-8177-4d9d-8c03-28d8d2bfbf79.jpg|/uploads/a8d5099c-067c-423c-9c30-486a7d2a72a0.jpg|/uploads/62962516-4b06-4da4-a889-a0c13e225a6c.jpg|/uploads/24e1a4f4-e735-4476-9b6b-a61060336bff.jpg
magny-en-vexin-maison-6041,maison,Maison — 203 m² — Magny en vexin,Magny en vexin,324000,32400000,a_vendre,203,5637,8,4,,14,/uploads/6cb36fd5-81ec-4e80-a9fa-9fe5438dd168.jpg|/uploads/e043a93d-cc23-4c6f-9d89-0f6628e277e4.jpg|/uploads/b6294ff6-f46b-4aec-9b8a-0000ff33d8f4.jpeg|/uploads/6cc4a5f8-7201-4d51-ac38-c8f25b651ebe.jpeg|/uploads/8c699c52-1442-4d0b-a128-0d68ef56bf4b.jpeg|/uploads/02d02b35-7fa2-4658-8888-7867fa7b6ade.jpeg|/uploads/8c134457-a2e6-476b-8967-e7d5bfcc40ec.jpeg|/uploads/6785d22c-8936-449c-bd46-bfcee9c2939e.jpeg|/uploads/277b168a-d10f-43ba-b889-6ce3ffccd9eb.jpeg|/uploads/d031a3cc-d0a5-4b5c-aff4-73be9e538385.jpeg|/uploads/4773682f-277b-453b-ae0b-4c04f7ecde4c.jpeg|/uploads/6e0d8972-7f56-40bc-9b88-d3356fdd067b.jpeg|/uploads/4ae2f70b-40b1-4363-89aa-e403c6baed20.jpg|/uploads/98c887bc-c3e6-464a-972f-664f7edca6df.jpeg
magny-en-vexin-maison-6058,maison,Maison — 210 m² — Magny en vexin,Magny en vexin,573000,57300000,a_vendre,210,2611,10,5,,19,/uploads/c15209bc-1060-4d99-92fb-faf90d0de867.jpg|/uploads/1f7e5509-1853-4a77-86ba-bc7d65edf784.jpg|/uploads/79acf239-a8ed-44e3-918c-68c3c5b95ba1.jpg|/uploads/5efb0098-1807-4f69-8825-2f3f19c879a1.jpg|/uploads/d8c51355-0343-49da-bc59-00ed0b1dbf22.jpg|/uploads/b0f87fda-c3af-4922-85c3-b9606ec246c2.jpg|/uploads/2e2c78e9-cd1b-4a8e-8e08-e51c43e3503d.jpg|/uploads/a4380c97-06a9-4832-8560-fa34c7585a56.jpg|/uploads/9e97e9be-d420-4c1c-8b67-7a8307ec43ee.jpg|/uploads/a82849e6-710a-49c2-b987-f6f1afe01b3a.jpg|/uploads/88891137-5436-452a-a4a9-ee05c709659f.jpg|/uploads/93c4a8dc-2379-47e7-b4fa-d8c8d9823802.jpg|/uploads/73e1bcce-9031-41bb-a3e0-db4865664bd9.jpg|/uploads/cf93b148-96e6-42f8-aac6-fe9553836e4a.jpg|/uploads/05824476-013a-4a7a-835c-ad79c11aa252.jpg|/uploads/9d14c926-5f13-4885-aee5-e4cbd2f43f48.jpg|/uploads/0f3857c6-90b5-4c0e-bca2-a3db9bcc8a05.jpg|/uploads/8f4acd77-88ba-4424-9964-2dbe76685822.jpg|/uploads/7d3749de-c1ef-4317-a646-47736234e21f.jpg
saint-clair-sur-epte-maison-5889,maison,Maison — 141 m² — Saint clair sur epte,Saint clair sur epte,350000,35000000,a_vendre,141,890,5,3,,14,/uploads/4b5483c3-fa17-4eb8-8a8c-d9a3029601c7.jpg|/uploads/082fefb4-338c-4435-99c4-cbc0cd8194fc.jpg|/uploads/dbb1d28c-99f1-4c96-92d6-690ef90765cb.jpg|/uploads/53be4998-ab0a-4c30-a139-186c78aa2818.jpg|/uploads/8566fb4c-3fe2-4940-87c4-64f1e8c06801.jpg|/uploads/c616aa39-6637-4c1e-9f0e-5716adee7f77.jpg|/uploads/333a2798-3f34-40b7-b570-b7c3d39786e9.jpg|/uploads/34f80cc9-039b-4e5d-9eaa-a1ae3f334056.jpg|/uploads/9e4287be-8f0a-46fd-866e-34aadfc288f2.jpg|/uploads/822b5276-7e1f-46f3-9232-749a6ff2437b.jpg|/uploads/80e06fd7-3206-4f8c-b3bf-31b683c2a610.jpg|/uploads/992d76aa-2a89-432b-a90a-d2058c87dd08.jpg|/uploads/fad2c567-5cff-438b-92b7-b32c55277646.jpg|/uploads/7b14e93d-99be-42aa-9a01-0ea8402fc1b0.jpg
